0,1,2,3,4,5,6,7,8,9,10,11,12,13,14,15,16,17,18,19,20,21,22,23,24,25,26,27,28,29
-0.9968637850866828,0.11052000898015248,0.03710082617418076,0.1507546759226848,0.1372127323258876,0.022228473650710574,0.02223096134164834,0.07678884952178763,0.04392383484050332,0.06998983181353363,0.022228556372407105,6.710440772777924e-06,0.08365937205676878,0.050440467665667926,0.043921918380583784,0.043922648734499664,0.0,0.0298517569746346,0.02223001810948862,0.0,0.0,0.0,0.0,0.02985214178077062,0.0,0.0,0.0,0.0,0.0,0.0
0.06080021359287658,-0.9988096624142302,0.05341606009753591,0.007591364949889093,0.04603769289096375,0.0982627636533889,0.046039382533091894,0.11311318910518936,0.05341520224593594,0.09826116832740078,0.06825573038641637,0.04603706149186534,0.03097796280315209,0.03858297895989094,0.007590751808740213,0.053416880655655044,0.03097774602157931,0.023214739577023042,0.01537085498327493,0.023213053394912662,7.46078232051537e-06,0.053418283501726345,0.023209830345830393,0.0,7.461538929325086e-06,0.0,0.0,0.0,0.007591828766641538,0.0
0.02624531742972035,0.09225314947192104,-0.9980579398052519,0.03490956981865879,0.1003754147278971,0.05125893000269889,0.0592977262951955,0.05929598264365741,0.07572875099693199,0.008466083935278122,0.04320105111266372,0.07572613505639345,0.043200700791546316,0.0,0.043202177777933726,0.017324248924319514,0.03490810438688371,0.0,0.0,0.034906994869566485,0.059294360809767105,0.0,0.02624755809622351,0.0,0.0,0.026246835321796436,0.00846632136161192,0.026244634821945684,0.05125789115264123,0.0
0.1709454487279274,0.09299593985786102,0.009526209236112323,-0.9930476263414699,0.10149685262487575,0.0,8.620178511421662e-06,0.07548085425863454,0.0,0.04179383071194682,0.0,0.031740978211191415,0.10149740577291852,0.07548212906015561,0.06689019122365746,0.031738322604879084,0.0,0.05052443355920794,0.058655061517979855,0.0,0.0,0.0,0.0,0.08427134879561084,0.0,0.0,0.0,0.0,0.0,0.0
0.07703703769411131,0.026100827484604534,0.09402788444714286,0.06853013314386605,-0.9992112305609923,0.06852952466529913,0.04326157921902627,0.05167061227702044,0.043261699754264304,0.03475400641695494,0.02610192304322263,0.03475483861889209,0.03475516726100361,0.03475712119969517,0.02610437573266431,0.06853264640717921,0.0,0.00859165141457655,8.471946945184042e-06,0.008592537790332313,0.05166945739251547,8.473942451131183e-06,0.0,8.471756638865934e-06,8.473027305071608e-06,0.034757072135444815,0.0,0.043260166546111874,0.09402409318829215,0.026102984055431936
0.06057432313215879,0.06057399431150778,0.10607903758066985,0.0,0.08814295896470568,-0.993914407233163,0.021496325994258624,0.10607271578663885,0.06952961150475616,0.0,0.03291757531912626,0.08814266501813134,0.0,0.010029774912931859,0.02149500977950367,0.03291564546605876,0.069528139692303,0.0,0.0,0.05193320975712473,0.0,0.0,0.051937187053776666,0.0,0.0519342167843296,9.089396904022698e-06,0.010029081790988251,0.06057384498728924,0.0,0.0
0.04699850866458687,0.04700212282004281,0.06850109163841304,0.03600927783027511,0.1346195006059477,0.03600802387620637,-0.9971622053925187,0.09096268185326814,0.046998831232593956,0.0,0.036009713687130115,0.11264866454215897,0.0,1.0986446160104163e-05,0.03600663098080096,0.0240670813583106,0.057616534794071764,0.0,0.0,0.04699929690293704,0.024063492650447976,0.0,0.02406591401010508,0.0,0.0,0.06849986532182546,0.0,0.03600779120215374,0.0,0.02406619497508275
0.10006148900102059,0.067689928547303,0.05728593766265082,0.05728748796888712,0.10005538067540354,0.12107867023696732,0.0572872571576593,-0.9958329546236716,0.06769107199448451,0.04701154107227285,0.12108463905528771,0.023977955714113076,0.04700762956026136,0.011465166565179177,0.02397848032508815,0.011465968009399136,0.0,0.0,0.0,0.0,0.0,0.04701115683204853,0.0,0.011464330048587363,0.011465199386512645,0.0,0.0,0.0,0.0,0.011463664810545206
0.04439513723953603,0.1286775231449981,0.014160775862010236,0.0,0.08019274491806098,0.1411301315553271,0.044393104307762464,0.030395732311161182,-0.9928439590729888,0.044394065126037746,0.10483175568446534,0.06764527193246578,0.0,0.06764931027915029,0.05599118344212507,0.0,0.04439493446023508,0.0,0.0,0.0,0.0,0.04439673922875332,0.0,0.0,0.0,0.0,0.0,0.0,0.08019554958090007,0.0
0.09517478445874895,0.16674172246452126,0.07028023936592183,0.07028056194714251,0.08288172903132636,0.0,0.0,0.07027865512344744,0.033493752531114265,-0.98949318765558,0.05884062884852133,0.0,0.04792727778248377,0.17868119223254256,0.0,0.04792194496782445,0.0,0.0334956587926887,0.033495040109296735,0.0,0.0,0.0,0.0,0.0,0.0,0.0,0.0,0.0,0.0,0.0
0.05167282934116444,0.11536608508415726,0.05166641829990369,0.0,0.12609764241438526,0.041130504735421354,0.1153650286966303,0.08266895722751476,0.1260985961049333,0.012576812970622948,-0.9919278679202219,0.1047527885078217,0.04113024084357806,0.0,0.0,0.0,0.04113090790824617,0.0,0.0,0.0,0.041129889758991185,1.0752045713712751e-05,0.0,0.0,0.041130413981137835,0.0,0.0,0.0,0.0,0.0
0.04127958180756014,0.041277705572940235,0.05201081561260252,0.027878726487340084,0.09595035182820706,0.05200881226179682,0.10660171272677646,0.07330185581465175,0.02788023079818305,0.0,0.062249495090097,-0.9922203227702979,0.0,0.0,0.0,0.0,0.06225071862698878,0.0,0.0,0.08481386567256174,0.10659984091125582,0.012805112519328048,0.04127683304844044,1.0986572978936573e-05,0.0,0.0,0.0,0.05201249598420112,0.0,0.05201118143438799
0.15174987548778418,0.011748036220087932,0.058692586523734526,0.18242512706474365,0.12077392969010622,0.0,0.0,0.04923427267937501,0.0,0.025529013780883732,1.0307446591926691e-05,0.0,-0.992464334592259,0.04923375937846106,0.03855432482332316,0.025530948489486758,0.0,0.14131326073282216,0.0,0.0,0.0,0.0,0.0,0.05869192186314527,0.0,0.07897697041171338,0.0,0.0,0.0,0.0
0.10260840342709546,0.11653204305124099,0.0,0.08764718017873063,0.07221925373292203,0.058721150745978445,0.05871730227901491,0.058716431502454716,0.02023188231997801,0.16130930678824623,0.0,0.0,0.08764258123943024,-0.9856469265301624,0.0,0.0,0.0,0.0,0.16130139126507084,0.0,0.0,0.0,0.0,0.0,0.0,0.0,0.0,0.0,0.0,0.0
0.03945718151405168,0.060639713064566086,0.07122756033617747,0.060642962691536954,0.16830741359950502,0.0504893222359508,0.03946261196091589,0.12502834411111924,0.026278136938474913,0.0,0.0,0.0,0.0823869180339218,0.0,-0.9930144779765747,0.1250336580850958,0.0,0.06064191243618817,0.0,1.075079676691852e-05,0.0,0.0,0.0,0.012185673479303775,0.0,0.07122231869300018,0.0,0.0,0.0,0.0
0.07955640658810008,0.09204069158824932,0.043881290352651724,0.14087039728106104,0.10414255799064119,0.04387995598059545,0.05568264158190371,0.05568281593713146,0.0,0.04388196849398096,0.0,0.0,0.10414180141658248,0.0,0.09203475700853908,-0.9932043860130458,0.0,0.07956500527456287,0.01395307870362576,0.0,0.0,0.0,0.0,0.043878825951773136,0.0,1.2191863647518167e-05,0.0,0.0,0.0,0.0
0.0,3.333431677744812e-05,3.332968759942237e-05,0.0,0.0,0.15138464630059428,0.1513812063651373,0.0,3.332833007621547e-05,0.0,0.18447509005269577,0.15137816679803473,0.0,0.0,0.0,0.0,-0.9818866886824674,0.0,0.0,3.333285622509263e-05,0.0,0.08369381037754307,0.15137688424265267,0.0,0.054031032014348265,0.0,0.0,0.0,0.0,0.054032527340783267
0.14286039277558787,0.07487053363608419,0.0,0.19545720606777442,0.10335679589843136,0.0,0.0,0.0,0.0,0.06397038932944535,0.0,0.0,0.14285381250748883,0.0,0.1033519133439199,0.12912352701506163,0.0,-0.9774719460196193,0.0,0.0,0.0,0.0,0.0,0.021627375445825645,0.0,0.0,0.0,0.0,0.0,0.0
0.1131995348199226,0.14568511288720906,0.0,0.14568330346743436,0.11320236908602503,0.0,0.0,0.0,0.0,0.12873602171059065,0.0,0.0,0.0,0.24418989144322314,0.0,0.07833816354171147,0.0,0.0,-0.9690343969561164,0.0,0.0,0.0,0.0,0.0,0.0,0.0,0.0,0.0,0.0,0.0
0.0,0.06595124632191317,0.06595076056829813,0.0,0.08287555657617518,0.02496219214247956,0.11529834182216239,0.0,0.0,0.0,0.0,0.08288037413975549,0.0,0.0,0.06595184542284108,0.0,0.0994882703143983,0.0,0.0,-0.9838925533404947,0.08287492890649077,0.0659524888582939,0.0,0.0,0.0,0.0,0.08287408422627449,0.08287916637021989,0.0,0.06595329767119244
0.0,0.08908600607799907,0.1283666354198749,0.0,0.0494888491345509,0.0,0.10919905903818194,0.0,0.0,0.0,0.04948992720564282,0.1283618874416443,0.0,0.0,0.0,0.0,0.0,0.0,0.0,0.10918870020051716,-0.9702643902689901,0.0,0.08907994875183042,0.0,0.0,0.0,0.0,0.14935375752571411,0.06864961947303447,0.0
0.0,2.223726052429634e-05,0.0,0.0,0.14526766596162438,0.0,0.0,0.12226379014985402,0.12226490760207795,0.0,0.10108852714449616,0.14525826154895816,0.0,0.0,0.0,0.0,0.10108774160248946,0.0,0.0,0.06111966937774173,0.0,-0.9656030674918782,0.0,0.0,0.16723026684411205,0.0,0.0,0.0,0.0,0.0
0.0,0.1328137810016651,0.0671967334458214,0.0,0.0,0.08926499628517436,0.08926776432250262,0.0,0.0,0.0,0.0,0.1996454137843826,0.0,0.0,0.0,0.0,0.1561930576833326,0.0,0.0,0.0,0.11139110136939086,0.0,-0.9778683172340854,0.0,0.0,0.0,0.04282795941243159,0.0,0.0,0.08926750992938443
0.12336960249709726,0.0,0.0,0.17770712243365266,0.08997855287031843,0.0,0.0,0.08997403887525263,0.0,0.0,0.0,0.07157545105992762,0.08997669966821814,0.0,0.07157255046716982,0.19491385595911406,0.0,0.07157281270571152,0.0,0.0,0.0,0.0,0.0,-0.9806406865364622,0.0,0.0,0.0,0.0,0.0,0.0
0.0,0.16812527523102255,0.0,0.0,0.11118915457692741,0.0811091231078577,0.0,0.11118859971211394,0.0,0.0,2.8576073761629375e-05,0.0,0.0,0.0,0.0,0.0,0.13911393880745412,0.0,0.0,0.0,0.0,0.225201619346568,0.0,0.0,-0.975065380937866,0.0,0.0,0.0,0.0,0.13910909408216066
0.0,0.0,0.15839838941507722,0.0,0.15839495258563613,0.15840283471018107,0.1384637942186237,0.0,0.0,0.0,0.0,0.0,0.12014647880393632,0.0,0.12015107145371849,0.10092163608036879,0.0,0.0,0.0,0.0,0.0,0.0,0.0,0.0,0.0,-0.9548791572675418,0.0,0.0,0.0,0.0
0.0,0.0,0.23494288849367084,0.0,0.0,0.1527315798794882,0.0,0.0,0.0,0.0,0.0,0.0,0.0,0.0,0.0,0.0,0.0,0.0,0.0,0.1807032504468523,0.0,0.0,0.152734815291183,0.0,0.0,0.0,-0.9280558827352201,0.0,0.0,0.20694334862402575
0.0,0.0,0.20275027462704728,0.0,0.11272248278081128,3.0397548632910777e-05,0.11273029943092985,0.0,0.0,0.0,0.0,0.2337940809409891,0.0,0.0,0.0,0.0,0.0,0.0,0.0,0.1127240663270928,0.14274373293304363,0.0,0.0,0.0,0.0,0.0,0.0,-0.9174953345885468,0.0,0.0
0.0,0.13654638918289166,0.08246782929594526,0.0,0.31997188856418374,0.0,0.0,0.0,0.2675204543462183,0.0,0.0,0.0,0.0,0.0,0.0,0.0,0.0,0.0,0.0,0.0,0.13655150055789153,0.0,0.0,0.0,0.0,0.0,0.0,0.0,-0.9430580619471305,0.0
0.0,0.0,0.0,0.0,3.1256720845176444e-05,0.0,0.11810418553342542,0.11810358457000934,0.0,0.0,0.0,0.1805266727601298,0.0,0.0,0.0,0.0,0.150044420093827,0.0,0.0,0.1181064543077221,0.0,0.0,0.11810404820756783,0.0,0.08629443045490477,0.0,0.08628688358986404,0.0,0.0,-0.9756019362382956
