u,v
237,100
237,140
237,141
237,142
237,161
237,162
237,163
237,164
237,170
237,186
237,229
237,230
237,234
237,236
237,238
237,239
237,262
237,263
163,90
163,100
163,107
163,113
163,138
163,140
163,142
163,161
163,162
163,13
163,141
163,164
163,170
163,186
163,230
163,234
163,239
163,246
163,263
163,229
163,231
163,236
163,238
170,79
170,100
170,107
170,113
170,137
170,140
170,141
170,142
170,161
170,162
170,164
170,90
170,138
170,186
170,229
170,230
170,233
170,234
170,236
170,246
236,140
236,141
236,142
236,161
236,162
236,164
236,229
236,234
236,238
236,239
236,262
236,263
162,13
162,100
162,113
162,138
162,140
162,141
162,142
162,161
162,107
162,114
162,137
162,164
162,186
162,229
162,230
162,233
162,234
162,239
162,231
162,238
162,262
162,263
186,79
186,90
186,100
186,140
186,161
186,164
186,113
186,137
186,230
186,231
186,234
186,246
186,229
186,233
186,239
164,90
164,100
164,107
164,113
164,114
164,140
164,161
164,137
164,229
164,230
164,233
164,234
164,246
164,239
161,13
161,100
161,114
161,140
161,141
161,142
161,230
161,229
161,231
161,234
161,239
161,262
230,13
230,100
230,138
230,142
230,229
230,234
230,239
230,246
142,140
142,100
142,141
142,239
142,238
142,263
100,13
100,107
100,141
100,231
100,234
100,246
234,13
234,90
234,107
234,113
234,114
234,137
234,246
234,262
141,140
141,229
141,233
141,239
141,262
141,263
239,238
229,113
229,140
229,233
229,263
229,262
140,262
140,263
140,233
140,238
246,13
246,90
246,113
246,114
246,231
263,262
113,79
113,107
113,13
113,114
113,137
107,90
107,137
107,138
13,231
90,79
90,114
231,114
79,114
